"ID","Name","Status","Response Time (ms)","Last Checked"
"ai21","AI21 Labs","operational","656","2026-01-01T18:41:01.734Z"
"anthropic","Anthropic","operational","867","2026-01-01T18:41:01.906Z"
"aws","AWS Bedrock","operational","789","2026-01-01T18:41:01.909Z"
"azure","Azure OpenAI","operational","732","2026-01-01T18:41:01.910Z"
"cerebras","Cerebras","operational","703","2026-01-01T18:41:01.803Z"
"cohere","Cohere","operational","765","2026-01-01T18:41:01.826Z"
"deepseek","DeepSeek","operational","645","2026-01-01T18:41:01.715Z"
"google-ai","Google Gemini / AI Studio","operational","176","2026-01-01T18:41:01.937Z"
"groq","Groq","operational","652","2026-01-01T18:41:01.821Z"
"mistral","Mistral AI","operational","482","2026-01-01T18:41:01.845Z"
"openai","OpenAI","operational","501","2026-01-01T18:41:01.618Z"
"perplexity","Perplexity","operational","650","2026-01-01T18:41:01.805Z"
"replicate","Replicate","operational","1102","2026-01-01T18:41:02.216Z"
"runway","Runway","operational","704","2026-01-01T18:41:01.808Z"
"stability","Stability AI","operational","833","2026-01-01T18:41:01.916Z"
"xai","xAI (Grok)","operational","823","2026-01-01T18:41:01.942Z"